faction_id,campaign_id,military_group_id,text,subculture_id
,,,,
3c_alani,main_3c,3c_alani,Alani,sc_rom_barb_east
3c_alani_civil_war,main_3c,3c_alani,Alani Pretenders,sc_rom_barb_east
3c_alani_secession,main_3c,3c_alani,Alani Secessionists,sc_rom_barb_east
3c_alemanni,main_3c,3c_germanic,Alemanni,sc_rom_germanic
3c_ardhan,main_3c,3c_easter,Ardhan,sc_rom_eastern
3c_armenia,main_3c,3c_armenia,Armenia,sc_rom_eastern
3c_armenia_civil_war,main_3c,3c_armenia,Armenia Pretenders,sc_rom_eastern
3c_armenia_secession,main_3c,3c_armenia,Armenia Secessionists,sc_rom_eastern
3c_axum,main_3c,3c_sabaean,Axum,sc_rom_african_arabian
3c_baktria,main_3c,3c_easter,Baktria,sc_rom_eastern
3c_blemmyes,main_3c,3c_sabaean,Blemmyes,sc_rom_african_arabian
3c_bosporou,main_3c,3c_easter,Bosporou,sc_rom_eastern
3c_britannia,main_3c,3c_gallicclient,Britannia,sc_rom_roman
3c_burgundii,main_3c,3c_germanic,Burgundii,sc_rom_germanic
3c_buri,main_3c,3c_germanic,Buri,sc_rom_germanic
3c_caledoni,main_3c,3c_caledones,Caledonii,sc_rom_british
3c_caledoni_civil_war,main_3c,3c_caledones,Caledonii Pretenders,sc_rom_british
3c_caledoni_secession,main_3c,3c_caledones,Caledonii Secessionists,sc_rom_british
3c_colchis,main_3c,3c_easter,Colchis,sc_rom_eastern
3c_dahae,main_3c,3c_steppe,Dahae,sc_rom_barb_east
3c_ebdani,main_3c,3c_celtic,Ebdani,sc_rom_british
3c_egypt,main_3c,3c_roman,Egypt,sc_rom_roman
3c_franci,main_3c,3c_germanic,Franci,sc_rom_germanic
3c_galatia,main_3c,3c_roman,Galatia,sc_rom_roman
3c_gallicemp,main_3c,3c_gallic_empire,Gallic Rome,sc_rom_roman
3c_gallicemp_civil_war,main_3c,3c_gallic_empire,Gallic Roman Pretenders,sc_rom_roman
3c_gallicemp_secession,main_3c,3c_gallic_empire,Gallic Roman Secessionists,sc_rom_roman
3c_garamantia,main_3c,3c_numidian,Garamantia,sc_rom_african_arabian
3c_gerrhea,main_3c,3c_arabian,Gerrhea,sc_rom_african_arabian
3c_gothi,main_3c,3c_gothi,Gothi,sc_rom_germanic
3c_gothi_civil_war,main_3c,3c_gothi,Gothi Pretenders,sc_rom_germanic
3c_gothi_secession,main_3c,3c_gothi,Gothi Secessionists,sc_rom_germanic
3c_heruli,main_3c,3c_germanic,Heruli,sc_rom_germanic
3c_himyar,main_3c,3c_sabaean,Himyar,sc_rom_african_arabian
3c_hispania,main_3c,3c_gallicclient,Hispania Citerior,sc_rom_roman
3c_iastae,main_3c,3c_steppe,Iastae,sc_rom_barb_east
3c_kartli,main_3c,3c_easter,Kartli,sc_rom_eastern
3c_kwarezm,main_3c,3c_steppe,Kwarezm,sc_rom_barb_east
3c_lakhmids,main_3c,3c_arabian,Lakhmids,sc_rom_african_arabian
3c_langobardi,main_3c,3c_germanic,Langobardi,sc_rom_germanic
3c_lusitania,main_3c,3c_gallicclient,Lusitania,sc_rom_roman
3c_lydia,main_3c,3c_roman,Lydia,sc_rom_roman
3c_ma_in,main_3c,3c_arabian,Ma'In,sc_rom_african_arabian
3c_marcomanni,main_3c,3c_marcomanni,Marcomanni,sc_rom_germanic
3c_marcomanni_civil_war,main_3c,3c_marcomanni,Marcomanni Pretenders,sc_rom_germanic
3c_marcomanni_secession,main_3c,3c_marcomanni,Marcomanni Secessionists,sc_rom_germanic
3c_margiana,main_3c,3c_persian,Margiana,sc_rom_eastern
3c_mascat,main_3c,3c_sabaean,Mascat,sc_rom_african_arabian
3c_mauretania,main_3c,3c_numidian,Mauretania,sc_rom_roman
3c_mauri,main_3c,3c_numidian,Mauri,sc_rom_african_arabian
3c_media,main_3c,3c_persian,Media,sc_rom_eastern
3c_meroe,main_3c,3c_sabaean,Meroe,sc_rom_african_arabian
3c_nabatea,main_3c,3c_arabian,Nabataea,sc_rom_african_arabian
3c_nahanarvali,main_3c,3c_germanic,Nahanarvali,sc_rom_germanic
3c_nasamones,main_3c,3c_numidian,Nasamones,sc_rom_african_arabian
3c_numidia,main_3c,3c_roman,Numidia,sc_rom_roman
3c_palmyra,main_3c,3c_palmyrene_empire,Palmyra,sc_rom_roman
3c_palmyra_civil_war,main_3c,3c_palmyrene_empire,Palmyrene Pretenders,sc_rom_roman
3c_palmyra_secession,main_3c,3c_palmyrene_empire,Palmyrene Secessionists,sc_rom_roman
3c_quadi,main_3c,3c_germanic,Quadi,sc_rom_germanic
3c_rebel_african,main_3c,3c_numidian,African Rebels,sc_rom_african_arabian
3c_rebel_arabian,main_3c,3c_arabian,Arabian Rebels,sc_rom_african_arabian
3c_rebel_celtic,main_3c,3c_celtic,Celtic Rebels,sc_rom_british
3c_rebel_eastern,main_3c,3c_easter,Eastern Rebels,sc_rom_eastern
3c_rebel_germanic,main_3c,3c_germanic,German Rebels,sc_rom_germanic
3c_rebel_latin,main_3c,3c_roman,Latin Rebels,sc_rom_roman
3c_rebel_nomadic,main_3c,3c_steppe,Nomadic Rebels,sc_rom_barb_east
3c_roman_pretender,main_3c,3c_roman_empire,Roman Pretenders,sc_rom_roman
3c_roman_secession,main_3c,3c_roman_empire,Roman Secessionists,sc_rom_roman
3c_rome,main_3c,3c_roman_empire,Rome,sc_rom_roman
3c_roxolani,main_3c,3c_steppe,Roxolani,sc_rom_barb_east
3c_rugii,main_3c,3c_germanic,Rugii,sc_rom_germanic
3c_saba,main_3c,3c_sabaean,Saba,sc_rom_african_arabian
3c_sakastan,main_3c,3c_persian,Sakastan,sc_rom_eastern
3c_sassanid,main_3c,3c_sassanid_empire,The Sassanids,sc_rom_eastern
3c_sassanid_civil_war,main_3c,3c_sassanid_empire,Sassanid Pretenders,sc_rom_eastern
3c_sassanid_secession,main_3c,3c_sassanid_empire,Sassanid Secessionists,sc_rom_eastern
3c_saxoni,main_3c,3c_saxones,Saxoni,sc_rom_germanic
3c_saxoni_civil_war,main_3c,3c_saxones,Saxoni Pretenders,sc_rom_germanic
3c_saxoni_secession,main_3c,3c_saxones,Saxoni Secessionists,sc_rom_germanic
3c_semnones,main_3c,3c_germanic,Semnones,sc_rom_germanic
3c_vandali,main_3c,3c_germanic,Vandali,sc_rom_germanic
3c_varini,main_3c,3c_germanic,Varini,sc_rom_germanic
emp_alani,main_emperor,sarmatian,Alani,sc_rom_barb_east
emp_antony,main_emperor,roman_emperor,Antony's Rome,sc_rom_roman
emp_antony_civil_war,main_emperor,roman_emperor,Antony's Rivals,sc_rom_roman
emp_antony_secession,main_emperor,roman_emperor,Antony's Secessionists,sc_rom_roman
emp_aorsoi,main_emperor,sarmatian,Aorsoi,sc_rom_barb_east
emp_ardhan,main_emperor,caucasian,Ardhan,sc_rom_eastern
emp_arii,main_emperor,germanic,Arii,sc_rom_germanic
emp_armenia,main_emperor,armenia,Armenia,sc_rom_eastern
emp_armenia_civil_war,main_emperor,armenia,Armenian Nobles,sc_rom_eastern
emp_armenia_secession,main_emperor,armenia,Armenian Secessionists,sc_rom_eastern
emp_axum,main_emperor,african,Axum,sc_rom_african_arabian
emp_bastarnae,main_emperor,dacian,Bastarnae,sc_rom_daco_thracian
emp_belgae,main_emperor,belgae,Belgae,sc_rom_celtic
emp_blemmyes,main_emperor,african,Blemmyes,sc_rom_african_arabian
emp_boii,main_emperor,boii,Boii,sc_rom_celtic
emp_breuci,main_emperor,balkan_celts,Breuci,sc_rom_celtic
emp_brigantes,main_emperor,briton,Brigantes,sc_rom_british
emp_buri,main_emperor,germanic,Buri,sc_rom_germanic
emp_caledones,main_emperor,briton,Caledonii,sc_rom_british
emp_cantabri,main_emperor,celtiberian,Cantabri,sc_rom_celtiberian
emp_cappadocia,main_emperor,cappadocia,Cappadocia,sc_rom_eastern
emp_characene,main_emperor,eastern,Characene,sc_rom_eastern
emp_cherusci,main_emperor,germanic,Cherusci,sc_rom_germanic
emp_cimbri,main_emperor,germanic,Cimbri,sc_rom_germanic
emp_corieltauvi,main_emperor,briton,Corieltauvi,sc_rom_british
emp_dacia,main_emperor,dacian,Dacia,sc_rom_daco_thracian
emp_dacia_civil_war,main_emperor,dacian,Dacian Nobles,sc_rom_daco_thracian
emp_dacia_secession,main_emperor,dacian,Dacian Secessionists,sc_rom_daco_thracian
emp_dahae,main_emperor,saka,Dahae,sc_rom_barb_east
emp_demetae,main_emperor,briton,Demetae,sc_rom_british
emp_drangiana,main_emperor,eastern,Drangiana,sc_rom_eastern
emp_dumonii,main_emperor,briton,Dumonii,sc_rom_british
emp_ebdani,main_emperor,briton,Ebdani,sc_rom_british
emp_egypt,main_emperor,ptolemaic,Egypt,sc_rom_egyptian
emp_egypt_civil_war,main_emperor,ptolemaic,Egyptian Nobles,sc_rom_egyptian
emp_egypt_secession,main_emperor,ptolemaic,Egyptian Secessionists,sc_rom_egyptian
emp_frisii,main_emperor,germanic,Frisii,sc_rom_germanic
emp_gaetuli,main_emperor,african,Gaetuli,sc_rom_african_arabian
emp_galatia,main_emperor,galatians,Galatia,sc_rom_celtic
emp_garamantia,main_emperor,african,Garamantia,sc_rom_african_arabian
emp_gaul,main_emperor,gallic,Gaul,sc_rom_celtic
emp_gerrhea,main_emperor,african,Gerrhea,sc_rom_african_arabian
emp_gutones,main_emperor,germanic,Gutones,sc_rom_germanic
emp_helisii,main_emperor,germanic,Helisii,sc_rom_germanic
emp_helveconae,main_emperor,germanic,Helveconae,sc_rom_germanic
emp_helvetii,main_emperor,cisalpine_celts,Helvetii,sc_rom_celtic
emp_himyar,main_emperor,african,Himyar,sc_rom_african_arabian
emp_iastae,main_emperor,sarmatian,Iastae,sc_rom_barb_east
emp_iberia,main_emperor,celtiberian,Iberia,sc_rom_celtiberian
emp_iceni,main_emperor,briton,Iceni,sc_rom_british
emp_iceni_civil_war,main_emperor,briton,Iceni Elders,sc_rom_british
emp_iceni_secession,main_emperor,briton,Iceni Secessionists,sc_rom_british
emp_judea,main_emperor,greek_minor,Judea,sc_rom_greek
emp_kartli,main_emperor,caucasian,Kartli,sc_rom_eastern
emp_lazyges,main_emperor,sarmatian,Iazyges,sc_rom_barb_east
emp_lepidus,main_emperor,roman_emperor,Lepidus' Rome,sc_rom_roman
emp_lepidus_civil_war,main_emperor,roman_emperor,Lepidus' Rivals,sc_rom_roman
emp_lepidus_secession,main_emperor,roman_emperor,Lepidus' Secessionists,sc_rom_roman
emp_ma_in,main_emperor,african,Ma'in,sc_rom_african_arabian
emp_marcomanni,main_emperor,germanic,Marcomanni,sc_rom_germanic
emp_marcomanni_civil_war,main_emperor,germanic,Marcomanni Elders,sc_rom_germanic
emp_marcomanni_secession,main_emperor,germanic,Marcomanni Secessionists,sc_rom_germanic
emp_mascat,main_emperor,african,Mascat,sc_rom_african_arabian
emp_mauri,main_emperor,african,Mauri,sc_rom_african_arabian
emp_media_atropatene,main_emperor,media,Media Atropatene,sc_rom_eastern
emp_meroe,main_emperor,african,Meroe,sc_rom_african_arabian
emp_nabatea,main_emperor,african,Nabataea,sc_rom_african_arabian
emp_nahanarvali,main_emperor,germanic,Nahanarvali,sc_rom_germanic
emp_nasamones,main_emperor,african,Nasamones,sc_rom_african_arabian
emp_nori,main_emperor,cisalpine_celts,Nori,sc_rom_celtic
emp_numidia,main_emperor,african,Numidia,sc_rom_african_arabian
emp_octavian,main_emperor,roman_emperor,Octavian's Rome,sc_rom_roman
emp_octavian_civil_war,main_emperor,roman_emperor,Octavian's Rivals,sc_rom_roman
emp_octavian_secession,main_emperor,roman_emperor,Octavian's Secessionists,sc_rom_roman
emp_palmyra,main_emperor,eastern,Palmyra,sc_rom_eastern
emp_paradene,main_emperor,eastern,Paradene,sc_rom_eastern
emp_parthia,main_emperor,parthian,Parthia,sc_rom_parthian
emp_parthia_civil_war,main_emperor,parthian,Parthian Nobles,sc_rom_parthian
emp_parthia_secession,main_emperor,parthian,Parthian Secessionists,sc_rom_parthian
emp_persia,main_emperor,eastern,Persia,sc_rom_eastern
emp_pompey,main_emperor,roman_emperor,Pompey's Rome,sc_rom_roman
emp_pompey_civil_war,main_emperor,roman_emperor,Pompey's Rivals,sc_rom_roman
emp_pompey_secession,main_emperor,roman_emperor,Pompey's Secessionists,sc_rom_roman
emp_pontus,main_emperor,pontic,Pontus,sc_rom_eastern
emp_qidri,main_emperor,african,Qidri,sc_rom_african_arabian
emp_quadi,main_emperor,germanic,Quadi,sc_rom_germanic
emp_raeti,main_emperor,cisalpine_celts,Raeti,sc_rom_celtic
emp_rebel_african,main_emperor,aethiopian,African Rebels,sc_rom_african_arabian
emp_rebel_arabian,main_emperor,arabian,Arabian Rebels,sc_rom_african_arabian
emp_rebel_briton,main_emperor,briton,British Rebels,sc_rom_british
emp_rebel_celt,main_emperor,balkan_celts,Celtic Rebels,sc_rom_celtic
emp_rebel_dacian,main_emperor,dacian,Dacian Rebels,sc_rom_celtic
emp_rebel_eastern,main_emperor,cappadocia,Eastern Rebels,sc_rom_eastern
emp_rebel_egyptian,main_emperor,ptolemaic,Egyptian Rebels,sc_rom_egyptian
emp_rebel_german,main_emperor,germanic,German Rebels,sc_rom_germanic
emp_rebel_hellenic,main_emperor,pergamon,Hellenic Rebels,sc_rom_greek
emp_rebel_iberian,main_emperor,iberian,Iberian Rebels,sc_rom_celtiberian
emp_rebel_illyrian,main_emperor,illyrian,Illyrian Rebels,sc_rom_celtic
emp_rebel_latin,main_emperor,roman_emperor,Latin Rebels,sc_rom_roman
emp_rebel_nomadic,main_emperor,scythian,Nomadic Rebels,sc_rom_barb_east
emp_rebel_punic,main_emperor,carthaginian,Punic Rebels,sc_rom_carthaginian
emp_rebel_spartan,main_emperor,sparta,Spartan Rebels,sc_rom_greek
emp_rebel_thracian,main_emperor,thracian,Thracian Rebels,sc_rom_celtic
emp_roxolani,main_emperor,sarmatian,Roxolani,sc_rom_barb_east
emp_rugii,main_emperor,germanic,Rugii,sc_rom_germanic
emp_saba,main_emperor,african,Saba,sc_rom_african_arabian
emp_scordisci,main_emperor,balkan_celts,Scordisci,sc_rom_celtic
emp_semnones,main_emperor,germanic,Semnones,sc_rom_germanic
emp_siraces,main_emperor,sarmatian,Siraces,sc_rom_barb_east
emp_thrace,main_emperor,dacian,Thrace,sc_rom_daco_thracian
emp_vindelici,main_emperor,cisalpine_celts,Vindelici,sc_rom_celtic
gaul_aedui,main_gaul,gallic,Aedui,sc_rom_gaul
gaul_allobroges,main_gaul,gallic,Allobroges,sc_rom_gaul
gaul_arverni,main_gaul,gallic,Arverni,sc_rom_gaul
gaul_arverni_civil_war,main_gaul,gallic,Arverni Tribal Council,sc_rom_gaul
gaul_arverni_secession,main_gaul,gallic,Arverni Secessionists,sc_rom_gaul
gaul_atrebates,main_gaul,gallic,Atrebates,sc_rom_gaul
gaul_ausci,main_gaul,celtiberian,Ausci,sc_rom_celtic
gaul_belgae,main_gaul,belgae,Belgae,sc_rom_gaul
gaul_bellovaci,main_gaul,belgae,Bellovaci,sc_rom_gaul
gaul_bituriges,main_gaul,gallic,Bituriges,sc_rom_gaul
gaul_cadurci,main_gaul,gallic,Cadurci,sc_rom_gaul
gaul_cantiaci,main_gaul,briton,Cantiaci,sc_rom_british
gaul_carnutes,main_gaul,gallic,Carnutes,sc_rom_gaul
gaul_cenomani,main_gaul,gallic,Cenomani,sc_rom_gaul
gaul_dumnonii,main_gaul,briton,Dumnonii,sc_rom_british
gaul_eburones,main_gaul,belgae,Eburones,sc_rom_gaul
gaul_helvetii,main_gaul,cisalpine_celts,Helvetii,sc_rom_celtic
gaul_lemovices,main_gaul,gallic,Lemovices,sc_rom_gaul
gaul_lexovii,main_gaul,gallic,Lexovii,sc_rom_gaul
gaul_mandubii,main_gaul,gallic,Mandubii,sc_rom_gaul
gaul_massilia,main_gaul,massilia,Massilia,sc_rom_greek
gaul_mediomatrici,main_gaul,belgae,Mediomatrici,sc_rom_gaul
gaul_morini,main_gaul,belgae,Morini,sc_rom_gaul
gaul_namnetes,main_gaul,gallic,Namnetes,sc_rom_gaul
gaul_nemetes,main_gaul,germanic,Nemetes,sc_rom_germanic
gaul_nervii,main_gaul,belgae,Nervii,sc_rom_gaul
gaul_nervii_civil_war,main_gaul,belgae,Nervii tribal council,sc_rom_gaul
gaul_nervii_secession,main_gaul,belgae,Nervii Secessionists,sc_rom_gaul
gaul_osismii,main_gaul,gallic,Osismii,sc_rom_gaul
gaul_parisii,main_gaul,belgae,Parisii,sc_rom_gaul
gaul_pictones,main_gaul,gallic,Pictones,sc_rom_gaul
gaul_raurici,main_gaul,cisalpine_celts,Raurici,sc_rom_celtic
gaul_rebel_briton,main_gaul,briton,Briton Rebels,sc_rom_british
gaul_rebel_celt,main_gaul,cisalpine_celts,Celtic Rebels,sc_rom_celtic
gaul_rebel_gaul,main_gaul,gallic,Gallic Rebels,sc_rom_celtic
gaul_rebel_german,main_gaul,germanic,German Rebels,sc_rom_germanic
gaul_rebel_latin,main_gaul,CiG_roman_rebels,Latin Rebels,sc_rom_roman
gaul_redones,main_gaul,gallic,Redones,sc_rom_gaul
gaul_remi,main_gaul,belgae,Remi,sc_rom_gaul
gaul_rome,main_gaul,CiG_roman,Rome,sc_rom_roman
gaul_rome_civil_war,main_gaul,CiG_roman,Roman intervention forces,sc_rom_roman
gaul_rome_secession,main_gaul,CiG_roman,Roman Secessionists,sc_rom_roman
gaul_ruteni,main_gaul,gallic,Ruteni,sc_rom_gaul
gaul_santones,main_gaul,gallic,Santones,sc_rom_gaul
gaul_senones,main_gaul,gallic,Senones,sc_rom_gaul
gaul_sequani,main_gaul,gallic,Sequani,sc_rom_gaul
gaul_sotiates,main_gaul,celtiberian,Sotiates,sc_rom_celtic
gaul_suebi,main_gaul,germanic,Suebi,sc_rom_germanic
gaul_suebi_civil_war,main_gaul,germanic,Suebi tribal council,sc_rom_germanic
gaul_suebi_secession,main_gaul,germanic,Suebi Secessionists,sc_rom_germanic
gaul_suessiones,main_gaul,gallic,Suessiones,sc_rom_gaul
gaul_tarbelli,main_gaul,celtiberian,Tarbelli,sc_rom_celtic
gaul_treverii,main_gaul,gallic,Treverii,sc_rom_gaul
gaul_tulingi,main_gaul,cisalpine_celts,Tulingi,sc_rom_celtic
gaul_turones,main_gaul,gallic,Turones,sc_rom_gaul
gaul_unelli,main_gaul,gallic,Unelli,sc_rom_gaul
gaul_vangiones,main_gaul,germanic,Vangiones,sc_rom_germanic
gaul_veneti,main_gaul,gallic,Veneti,sc_rom_gaul
gaul_vivisci,main_gaul,gallic,Vivisci,sc_rom_gaul
gaul_vocontii,main_gaul,gallic,Vocontii,sc_rom_gaul
gaul_volcae,main_gaul,gallic,Volcae,sc_rom_gaul
inv_aequi,main_invasion,inv_italic,Aequi,sc_rom_italic
inv_agrigento,main_invasion,inv_greek,Akragas,sc_rom_greek
inv_agyrion,main_invasion,inv_greek,Agyrion,sc_rom_greek
inv_aleria,main_invasion,inv_etruscan,Aleria,sc_rom_etruscan
inv_aritim,main_invasion,inv_etruscan,Aritim,sc_rom_etruscan
inv_balari,main_invasion,inv_iolei,Balari,sc_rom_nuragic
inv_bituriges,main_invasion,inv_celtic,Bituriges,sc_rom_gaul
inv_boii,main_invasion,inv_celtic,Boii,sc_rom_gaul
inv_bruttii,main_invasion,inv_italic,Bruttii,sc_rom_italic
inv_carni,main_invasion,inv_celtic,Carni,sc_rom_gaul
inv_carnutes,main_invasion,inv_celtic,Carnutes,sc_rom_gaul
inv_carthage,main_invasion,inv_carthage,Carthage,sc_rom_carthaginian
inv_cenomani,main_invasion,inv_celtic,Cenomani,sc_rom_gaul
inv_corsi,main_invasion,inv_iolei,Corsi,sc_rom_nuragic
inv_croton,main_invasion,inv_greek,Croton,sc_rom_greek
inv_daunians,main_invasion,inv_iapygian,Daunians,sc_rom_iapygian
inv_felathri,main_invasion,inv_etruscan,Felathri,sc_rom_etruscan
inv_frentani,main_invasion,inv_italic,Frentani,sc_rom_italic
inv_hernici,main_invasion,inv_italic,Hernici,sc_rom_italic
inv_inc_helvetii,main_invasion,inv_insurbes_secession,Helvetii,sc_rom_gaul
inv_inc_hirpini,main_invasion,inv_italic_secession,Hirpini,sc_rom_italic
inv_inc_histri,main_invasion,inv_insurbes_secession,Histri,sc_rom_gaul
inv_inc_massylii,main_invasion,numidian,Massylii,sc_rom_african_arabian
inv_inc_nurrensi,main_invasion,inv_iolei_secession,Nurrensi,sc_rom_nuragic
inv_inc_sikelians,main_invasion,inv_syracuse_secession,Sikelians,sc_rom_greek
inv_insubres,main_invasion,inv_insurbes,Insubres,sc_rom_gaul
inv_insubres_civil_war,main_invasion,inv_insurbes_secession,Insubres Pretenders,sc_rom_gaul
inv_insubres_secession,main_invasion,inv_insurbes_secession,Insubres Secessionists,sc_rom_gaul
inv_iolei,main_invasion,inv_iolei,Iolei,sc_rom_nuragic
inv_iolei_civil_war,main_invasion,inv_iolei_secession,Iolei Pretenders,sc_rom_nuragic
inv_iolei_secession,main_invasion,inv_iolei_secession,Iolei Secessionists,sc_rom_nuragic
inv_lepontii,main_invasion,inv_celtic,Lepontii,sc_rom_gaul
inv_ligures,main_invasion,inv_celtic,Ligures,sc_rom_gaul
inv_lucani,main_invasion,inv_italic,Lucani,sc_rom_italic
inv_marrucini,main_invasion,inv_italic,Marrucini,sc_rom_italic
inv_messapians,main_invasion,inv_iapygian,Messapians,sc_rom_iapygian
inv_neapolis,main_invasion,inv_greek,Neapolis,sc_rom_greek
inv_paeligni,main_invasion,inv_italic,Paeligni,sc_rom_italic
inv_peucetians,main_invasion,inv_iapygian,Peucetians,sc_rom_iapygian
inv_picentes,main_invasion,inv_italic,Picentes,sc_rom_italic
inv_pirate_illyrian,main_invasion,inv_illyrian,Illyrian Pirates,sc_rom_illyrian
inv_raeti,main_invasion,inv_etruscan,Raeti,sc_rom_etruscan
inv_rebel_carthage,main_invasion,inv_carthage,Carthage Rebels,sc_rom_carthaginian
inv_rebel_etruscan,main_invasion,inv_etruscan,Etruscan Rebels,sc_rom_etruscan
inv_rebel_gaul,main_invasion,inv_celtic,Gallic Rebels,sc_rom_gaul
inv_rebel_greek,main_invasion,inv_greek,Greek Rebels,sc_rom_greek
inv_rebel_iapygian,main_invasion,inv_iapygian,Iapygian Rebels,sc_rom_iapygian
inv_rebel_italic,main_invasion,inv_italic,Italic Rebels,sc_rom_italic
inv_rebel_nuragic,main_invasion,inv_iolei,Nuragic Rebels,sc_rom_nuragic
inv_rebels_greek,main_invasion,inv_greek,Greek Rebels,sc_rom_greek
inv_rhegion,main_invasion,inv_greek,Rhegion,sc_rom_greek
inv_rome,main_invasion,inv_roman,Rome,sc_rom_roman
inv_rome_civil_war,main_invasion,inv_roman_secession,Roman Pretenders,sc_rom_roman
inv_rome_secession,main_invasion,inv_roman_secession,Roman Secessionists,sc_rom_roman
inv_sabines,main_invasion,inv_italic,Sabines,sc_rom_italic
inv_samnites,main_invasion,inv_samnite,Samnites,sc_rom_italic
inv_samnites_civil_war,main_invasion,inv_samnite_secession,Samnites Pretenders,sc_rom_italic
inv_samnites_secession,main_invasion,inv_samnite_secession,Samnites Secessionists,sc_rom_italic
inv_senones,main_invasion,inv_senones,Senones,sc_rom_gaul
inv_senones_civil_war,main_invasion,inv_senones_secession,Senones Pretenders,sc_rom_gaul
inv_senones_secession,main_invasion,inv_senones_secession,Senones Secessionists,sc_rom_gaul
inv_slaves_greek,main_invasion,inv_greek,Greek Slaves,sc_rom_greek
inv_syracuse,main_invasion,inv_syracuse,Syracuse,sc_rom_greek
inv_syracuse_civil_war,main_invasion,inv_syracuse_secession,Syracuse Pretenders,sc_rom_greek
inv_syracuse_secession,main_invasion,inv_syracuse_secession,Syracuse Secessionists,sc_rom_greek
inv_taranto,main_invasion,inv_taranto,Taras,sc_rom_greek
inv_taranto_civil_war,main_invasion,inv_taranto_secession,Taras Pretenders,sc_rom_greek
inv_taranto_secession,main_invasion,inv_taranto_secession,Taras Secessionists,sc_rom_greek
inv_tarchuna,main_invasion,inv_etruscan,Tarchuna,sc_rom_etruscan
inv_tarchuna_civil_war,main_invasion,inv_etruscan_secession,Tarchuna Pretenders,sc_rom_etruscan
inv_tarchuna_secession,main_invasion,inv_etruscan_secession,Tarchuna Secessionists,sc_rom_etruscan
inv_umbri,main_invasion,inv_italic,Umbri,sc_rom_italic
inv_veii,main_invasion,inv_etruscan,Veii,sc_rom_etruscan
inv_veneti,main_invasion,inv_veneti,Veneti,sc_rom_italic
inv_veneti_civil_war,main_invasion,inv_veneti_secession,Veneti Pretenders,sc_rom_italic
inv_veneti_secession,main_invasion,inv_veneti_secession,Veneti Secessionists,sc_rom_italic
inv_viesul,main_invasion,inv_etruscan,Viesul,sc_rom_etruscan
inv_volsci,main_invasion,inv_italic,Volsci,sc_rom_italic
pel_aitolian,main_greek,pel_greek,Aitolian League,sc_rom_greek
pel_akaian,main_greek,pel_greek,Akaian League,sc_rom_greek
pel_argos,main_greek,pel_greek,Argos,sc_rom_greek
pel_athenai,main_greek,pel_athenai,Athenai,sc_rom_greek
pel_athenai_civil_war,main_greek,pel_athenai,Athenian Boule,sc_rom_greek
pel_athenai_secession,main_greek,pel_athenai,Athenian Secessionists,sc_rom_greek
pel_boiotia,main_greek,pel_greek,Boiotian League,sc_rom_greek
pel_boiotia_civil_war,main_greek,pel_greek,Boiotian Rivals,sc_rom_greek
pel_boiotia_secession,main_greek,pel_greek,Boiotian Secessionists,sc_rom_greek
pel_byzantion,main_greek,pel_greek,Byzantion,sc_rom_greek
pel_elis,main_greek,pel_greek,Elis,sc_rom_greek
pel_epeiros,main_greek,pel_greek,Epeiros,sc_rom_greek
pel_gortyn,main_greek,pel_greek,Gortyn,sc_rom_greek
pel_ionian,main_greek,pel_greek,Ionian League,sc_rom_greek
pel_knossos,main_greek,pel_greek,Knossos,sc_rom_greek
pel_korinthos,main_greek,pel_korinthos,Korinthos,sc_rom_greek
pel_korinthos_civil_war,main_greek,pel_korinthos,Korinthian Tyrants,sc_rom_greek
pel_korinthos_secession,main_greek,pel_korinthos,Korinthian Secessionists,sc_rom_greek
pel_korkyra,main_greek,pel_greek,Korkyra,sc_rom_greek
pel_kydonia,main_greek,pel_greek,Kydonia,sc_rom_greek
pel_makedon,main_greek,pel_greek,Makedon,sc_rom_greek
pel_melos,main_greek,pel_greek,Melos,sc_rom_greek
pel_persia,main_greek,pel_persian,Persian Empire,sc_rom_eastern
pel_rebels_aiolian,main_greek,pel_greek,Aiolian Rebels,sc_rom_greek
pel_rebels_akaian,main_greek,pel_greek,Akaian Rebels,sc_rom_greek
pel_rebels_barbarian,main_greek,pel_thracian,Barbarian Rebels,sc_rom_daco_thracian
pel_rebels_dorian,main_greek,pel_greek,Dorian Rebels,sc_rom_greek
pel_rebels_ionian,main_greek,pel_greek,Ionian Rebels,sc_rom_greek
pel_rebels_makedonian,main_greek,pel_greek,Makedonian Rebels,sc_rom_greek
pel_rebels_other_greeks,main_greek,pel_greek,Greek Rebels,sc_rom_greek
pel_rebels_persian,main_greek,pel_persian,Persian Rebels,sc_rom_eastern
pel_rodos,main_greek,pel_greek,Rodos,sc_rom_greek
pel_sparta,main_greek,pel_spartan,Sparta,sc_rom_greek
pel_sparta_civil_war,main_greek,pel_spartan,Spartan Gerousia,sc_rom_greek
pel_sparta_secession,main_greek,pel_spartan,Spartan Secessionists,sc_rom_greek
pel_thessaly,main_greek,pel_greek,Thessalian League,sc_rom_greek
pel_thraike,main_greek,pel_thracian,Thraike,sc_rom_daco_thracian
pro_gaul,not found,cisalpine_celts,Gaul,sc_rom_celtic
pro_greek_cities,not found,athens_syracuse,Greek Cities,sc_rom_greek
pro_lucanian,not found,roman,Lucania,sc_rom_roman
pro_rebels,not found,italian,Italian Rebels,sc_rom_roman
pro_roman_allies,not found,roman,Rome,sc_rom_roman
pro_rome,not found,roman,Rome,sc_rom_roman
pro_samnites,not found,italian,Samnites,sc_rom_roman
pun_allobroges,main_punic,gallic,Allobroges,sc_rom_gaul
pun_arevaci,main_punic,celtiberian,Arevaci,sc_rom_celtiberian
pun_arevaci_civil_war,main_punic,celtiberian,Arevaci Tribal Council,sc_rom_celtiberian
pun_arevaci_secession,main_punic,celtiberian,Arevaci Secessionists,sc_rom_celtiberian
pun_astures,main_punic,celtiberian,Astures,sc_rom_celtiberian
pun_boii,main_punic,boii,Boii,sc_rom_gaul
pun_cantrabri,main_punic,celtiberian,Cantabri,sc_rom_celtiberian
pun_carpetani,main_punic,celtiberian,Carpetani,sc_rom_celtiberian
pun_carthage,main_punic,carthaginian,Carthage,sc_rom_carthaginian
pun_carthage_civil_war,main_punic,carthaginian,Adirim loyalists,sc_rom_carthaginian
pun_carthage_secession,main_punic,carthaginian,Adirim Secessionists,sc_rom_carthaginian
pun_celtici,main_punic,celtiberian,Celtici,sc_rom_celtiberian
pun_cessetani,main_punic,iberian,Cessetani,sc_rom_celtiberian
pun_emporion,main_punic,greek_minor,Emporion,sc_rom_greek
pun_etruscan,main_punic,italian,Etruscan League,sc_rom_roman
pun_gaetuli,main_punic,numidian,Gaetuli,sc_rom_african_arabian
pun_galleaci,main_punic,iberian,Gallaeci,sc_rom_celtiberian
pun_garamantia,main_punic,african,Garamantia,sc_rom_african_arabian
pun_illercavones,main_punic,iberian,Illercavones,sc_rom_celtiberian
pun_illergetes,main_punic,celtiberian,Illergetes,sc_rom_celtiberian
pun_insubres,main_punic,cisalpine_celts,Insubres,sc_rom_celtic
pun_libya,main_punic,carthaginian_colony,Libya,sc_rom_carthaginian
pun_liguria,main_punic,cisalpine_celts,Liguria,sc_rom_celtic
pun_lusitani,main_punic,iberian,Lusitani,sc_rom_celtiberian
pun_lusitani_civil_war,main_punic,iberian,Lusitani Tribal Council,sc_rom_celtiberian
pun_lusitani_secession,main_punic,iberian,Lusitani Secessionists,sc_rom_celtiberian
pun_masaesyli,main_punic,numidian,Masaesyli,sc_rom_african_arabian
pun_massilia,main_punic,massilia,Massilia,sc_rom_greek
pun_massyli,main_punic,numidian,Massyli,sc_rom_african_arabian
pun_mauri,main_punic,african,Mauri,sc_rom_african_arabian
pun_oretani,main_punic,iberian,Oretani,sc_rom_celtiberian
pun_rebel_african,main_punic,aethiopian,African Rebels,sc_rom_african_arabian
pun_rebel_celt,main_punic,balkan_celts,Celtic Rebels,sc_rom_celtic
pun_rebel_celtiberian,main_punic,iberian,Celtiberian Rebels,sc_rom_celtiberian
pun_rebel_hellenic,main_punic,pergamon,Hellenic Rebels,sc_rom_greek
pun_rebel_latin,main_punic,italian,Latin Rebels,sc_rom_roman
pun_rebel_punic,main_punic,carthaginian,Punic Rebels,sc_rom_carthaginian
pun_rome,main_punic,hannibal_rome,Rome,sc_rom_roman
pun_rome_civil_war,main_punic,hannibal_rome,Senate loyalists,sc_rom_roman
pun_rome_secession,main_punic,hannibal_rome,Senate Secessionists,sc_rom_roman
pun_samnites,main_punic,italian,Samnites,sc_rom_roman
pun_syracuse,main_punic,athens_syracuse,Syracuse,sc_rom_greek
pun_syracuse_civil_war,main_punic,athens_syracuse,Syracusan Nobles,sc_rom_greek
pun_syracuse_secession,main_punic,athens_syracuse,Syracusan Secessionists,sc_rom_greek
pun_tarbelli,main_punic,celtiberian,Tarbelli,sc_rom_celtiberian
pun_turdetani,main_punic,iberian,Turdetani,sc_rom_celtiberian
pun_vaccaei,main_punic,celtiberian,Vaccaei,sc_rom_celtiberian
pun_vascones,main_punic,celtiberian,Vascones,sc_rom_celtiberian
pun_veneti,main_punic,balkan_celts,Veneti,sc_rom_celtic
pun_vettones,main_punic,celtiberian,Vettones,sc_rom_celtiberian
pun_volcae,main_punic,gallic,Volcae,sc_rom_gaul
rom_aedui,main_rome,gallic,Aedui,sc_rom_gaul
rom_aestii,main_rome,celtogermanics,Aestii,sc_rom_germanic
rom_anartes,main_rome,celtogermanics,Anartes,sc_rom_celtic
rom_aorsoi,main_rome,sarmatian,Aorsoi,sc_rom_barb_east
rom_arachosia,main_rome,seleucid_eastern,Arachosia,sc_rom_eastern
rom_ardhan,main_rome,caucasian,Ardhan,sc_rom_eastern
rom_ardiaei,main_rome,illyrian,Ardiaei,sc_rom_illyrian
rom_ardiaei_civil_war,main_rome,illyrian,Ardiaei tribal council,sc_rom_illyrian
rom_ardiaei_secession,main_rome,illyrian,Ardiaei Secessionists,sc_rom_illyrian
rom_arevaci,main_rome,celtiberian,Arevaci,sc_rom_celtiberian
rom_arevaci_civil_war,main_rome,celtiberian,Arevaci Tribal Council,sc_rom_celtiberian
rom_arevaci_secession,main_rome,celtiberian,Arevaci Secessionists,sc_rom_celtiberian
rom_aria,main_rome,seleucid_eastern,Aria,sc_rom_eastern
rom_armenia,main_rome,armenia,Armenia,sc_rom_eastern
rom_armenia_civil_war,main_rome,armenia,Armenian Nobles,sc_rom_eastern
rom_armenia_secession,main_rome,armenia,Armenian Secessionists,sc_rom_eastern
rom_artebartes,main_rome,belgae,Atrebartes,sc_rom_gaul
rom_arverni,main_rome,gallic,Arverni,sc_rom_gaul
rom_arverni_civil_war,main_rome,gallic,Arverni tribal council,sc_rom_gaul
rom_arverni_secession,main_rome,gallic,Arverni Secessionists,sc_rom_gaul
rom_athens,main_rome,athens_syracuse,Athens,sc_rom_greek
rom_athens_civil_war,main_rome,athens_syracuse,Athenian Boule,sc_rom_greek
rom_athens_secession,main_rome,athens_syracuse,Athenian Secessionists,sc_rom_greek
rom_axum,main_rome,aethiopian,Axum,sc_rom_african_arabian
rom_baktria,main_rome,bactria,Baktria,sc_rom_greek
rom_baktria_civil_war,main_rome,bactria,Baktrian Nobles,sc_rom_greek
rom_baktria_secession,main_rome,bactria,Baktrian Secessionists,sc_rom_greek
rom_bastarnae,main_rome,celtogermanics,Bastarnae,sc_rom_celtic
rom_biephi,main_rome,dacian,Apulii,sc_rom_daco_thracian
rom_bithynia,main_rome,bithynia,Bithynia,sc_rom_eastern
rom_blemmyes,main_rome,aethiopian,Blemmyes,sc_rom_african_arabian
rom_boii,main_rome,boii,Boii,sc_rom_gaul
rom_boii_civil_war,main_rome,boii,Boii tribal council,sc_rom_gaul
rom_boii_secession,main_rome,boii,Boii Secessionists,sc_rom_gaul
rom_breuci,main_rome,balkan_celts,Breuci,sc_rom_celtic
rom_brigantes,main_rome,briton,Brigantes,sc_rom_british
rom_budini,main_rome,scythian,Budini,sc_rom_barb_east
rom_caledones,main_rome,briton,Caledones,sc_rom_british
rom_cantabri,main_rome,celtiberian,Cantabri,sc_rom_celtiberian
rom_cappadocia,main_rome,cappadocia,Cappadocia,sc_rom_eastern
rom_carnutes,main_rome,gallic,Carnutes,sc_rom_gaul
rom_carthage,main_rome,carthaginian,Carthage,sc_rom_carthaginian
rom_carthage_civil_war,main_rome,carthaginian,Adirim loyalists,sc_rom_carthaginian
rom_carthage_secession,main_rome,carthaginian,Adirim Secessionists,sc_rom_carthaginian
rom_catiaroi,main_rome,scythian,Catiaroi,sc_rom_barb_east
rom_celtici,main_rome,celtiberian,Celtici,sc_rom_celtiberian
rom_cessetani,main_rome,iberian,Cessetani,sc_rom_celtiberian
rom_cherusci,main_rome,germanic,Cherusci,sc_rom_germanic
rom_cimbri,main_rome,germanic,Cimbri,sc_rom_germanic
rom_cimmeria,main_rome,cimmerian,Cimmeria,sc_rom_greek
rom_cimmeria_civil_war,main_rome,cimmerian,Cimmerian Nobles,sc_rom_greek
rom_cimmeria_secession,main_rome,cimmerian,Cimmerian Secessionists,sc_rom_greek
rom_colchis,main_rome,colchis,Colchis,sc_rom_greek
rom_colchis_civil_war,main_rome,colchis,Colchian Nobles,sc_rom_greek
rom_colchis_secession,main_rome,colchis,Colchian Secessionists,sc_rom_greek
rom_cyprus,main_rome,ptolemaic_cyprus,Cyprus,sc_rom_greek
rom_cyrenaica,main_rome,ptolemaic_cyrenaica,Cyrenaica,sc_rom_greek
rom_dahae,main_rome,saka,Dahae,sc_rom_barb_east
rom_daorsi,main_rome,illyrian,Daorsi,sc_rom_illyrian
rom_delmatae,main_rome,illyrian,Dalmatae,sc_rom_illyrian
rom_demetae,main_rome,briton,Demetae,sc_rom_british
rom_drangiana,main_rome,seleucid_eastern,Drangiana,sc_rom_eastern
rom_dumnonii,main_rome,briton,Dumnonii,sc_rom_british
rom_ebdani,main_rome,briton,Ebdani,sc_rom_british
rom_edetani,main_rome,iberian,Edetani,sc_rom_celtiberian
rom_epirus,main_rome,eprius,Epirus,sc_rom_greek
rom_epirus_civil_war,main_rome,eprius,Epirean Nobles,sc_rom_greek
rom_epirus_secession,main_rome,eprius,Epirean Secessionists,sc_rom_greek
rom_eravisci,main_rome,boii,Eravisci,sc_rom_celtic
rom_etruscan,main_rome,italian,Etruscan League,sc_rom_roman
rom_frisii,main_rome,germanic,Frisii,sc_rom_germanic
rom_gaetuli,main_rome,numidian,Gaetuli,sc_rom_numidian
rom_galatia,main_rome,galatians,Galatia,sc_rom_celtic
rom_galatia_civil_war,main_rome,galatians,Galatian Tribal Council,sc_rom_celtic
rom_galatia_secession,main_rome,galatians,Galatian Secessionists,sc_rom_celtic
rom_galleaci,main_rome,iberian,Gallaeci,sc_rom_celtiberian
rom_garamantia,main_rome,african,Garamantia,sc_rom_numidian
rom_gerrhaea,main_rome,arabian,Gerrhaea,sc_rom_african_arabian
rom_getae,main_rome,dacian,Getae,sc_rom_daco_thracian
rom_getae_civil_war,main_rome,dacian,Getae tribal council,sc_rom_daco_thracian
rom_getae_secession,main_rome,dacian,Getae Secessionists,sc_rom_daco_thracian
rom_gutones,main_rome,germanic,Gutones,sc_rom_germanic
rom_helvetii,main_rome,cisalpine_celts,Helvetii,sc_rom_celtic
rom_himyar,main_rome,arabian,Himyar,sc_rom_african_arabian
rom_iceni,main_rome,briton,Iceni,sc_rom_british
rom_iceni_civil_war,main_rome,briton,Iceni tribal council,sc_rom_british
rom_iceni_secession,main_rome,briton,Iceni Secessionists,sc_rom_british
rom_insubres,main_rome,cisalpine_celts,Insubres,sc_rom_celtic
rom_kartli,main_rome,caucasian,Kartli,sc_rom_eastern
rom_khorasmii,main_rome,saka,Khorasmii,sc_rom_barb_east
rom_knossos,main_rome,greek_minor,Knossos,sc_rom_greek
rom_kush,main_rome,dk_kushite,Kush,sc_rom_african_arabian
rom_kush_civil_war,main_rome,dk_kushite,Kushite Secessionists,sc_rom_african_arabian
rom_kush_secession,main_rome,dk_kushite,Kushite Nobles,sc_rom_african_arabian
rom_libya,main_rome,carthaginian_colony,Libya,sc_rom_carthaginian
rom_liguria,main_rome,cisalpine_celts,Liguria,sc_rom_celtic
rom_lugii,main_rome,germanic,Lugii,sc_rom_germanic
rom_lusitani,main_rome,iberian,Lusitani,sc_rom_celtiberian
rom_lusitani_civil_war,main_rome,iberian,Lusitani Tribal Council,sc_rom_celtiberian
rom_lusitani_secession,main_rome,iberian,Lusitani Secessionists,sc_rom_celtiberian
rom_ma_in,main_rome,arabian,Ma'in,sc_rom_african_arabian
rom_macedon,main_rome,macedon,Macedon,sc_rom_greek
rom_macedon_civil_war,main_rome,macedon,Macedonian Nobles,sc_rom_greek
rom_macedon_secession,main_rome,macedon,Macedonian Secessionists,sc_rom_greek
rom_marcomanni,main_rome,germanic,Marcomanni,sc_rom_germanic
rom_masaesyli,main_rome,dk_numidian,Masaesyli,sc_rom_numidian
rom_masaesyli_civil_war,main_rome,dk_numidian,Massaesyli Tribal Council,sc_rom_numidian
rom_masaesyli_secession,main_rome,dk_numidian,Massaesyli Secessionists,sc_rom_numidian
rom_mascat,main_rome,arabian,Mascat,sc_rom_african_arabian
rom_massagetae,main_rome,saka,Massagetae,sc_rom_barb_east
rom_massagetae_civil_war,main_rome,saka,Massagetaean Nobles,sc_rom_barb_east
rom_massagetae_secession,main_rome,saka,Massagetaean Secessionists,sc_rom_barb_east
rom_massilia,main_rome,massilia,Massilia,sc_rom_greek
rom_massilia_civil_war,main_rome,massilia,Massilian Nobles,sc_rom_greek
rom_massilia_secession,main_rome,massilia,Massilian Secessionists,sc_rom_greek
rom_media,main_rome,seleucid_eastern,Media,sc_rom_eastern
rom_media_atropatene,main_rome,media,Media Atropatene,sc_rom_eastern
rom_meroe,main_rome,aethiopian,Meroe,sc_rom_african_arabian
rom_nabatea,main_rome,dk_nabatean,Nabataea,sc_rom_african_arabian
rom_nabatea_civil_war,main_rome,dk_nabatean,Nabataean Nobles,sc_rom_african_arabian
rom_nabatea_secession,main_rome,dk_nabatean,Nabataean Secessionists,sc_rom_african_arabian
rom_namnetes,main_rome,gallic,Namnetes,sc_rom_gaul
rom_nasamones,main_rome,african,Nasamones,sc_rom_african_arabian
rom_nervii,main_rome,belgae,Nervii,sc_rom_gaul
rom_nervii_civil_war,main_rome,belgae,Nervii tribal council,sc_rom_gaul
rom_nervii_secession,main_rome,belgae,Nervii Secessionists,sc_rom_gaul
rom_nori,main_rome,cisalpine_celts,Nori,sc_rom_celtic
rom_nova_carthago,main_rome,carthaginian_colony,Nova Carthago,sc_rom_carthaginian
rom_odryssia,main_rome,thracian,Odrysian Kingdom,sc_rom_daco_thracian
rom_odryssia_civil_war,main_rome,thracian,Odrysian tribal council,sc_rom_daco_thracian
rom_odryssia_secession,main_rome,thracian,Odrysian Secessionists,sc_rom_daco_thracian
rom_parthava,main_rome,seleucid_eastern,Parthava,sc_rom_eastern
rom_parthia,main_rome,parthian,Parthia,sc_rom_parthian
rom_parthia_civil_war,main_rome,parthian,Parthian Nobles,sc_rom_parthian
rom_parthia_secession,main_rome,parthian,Parthian Secessionists,sc_rom_parthian
rom_pergamon,main_rome,pergamon,Pergamon,sc_rom_greek
rom_pergamon_civil_war,main_rome,pergamon,Pergamenes Nobles,sc_rom_greek
rom_pergamon_secession,main_rome,pergamon,Pergamenes Secessionists,sc_rom_greek
rom_persia,main_rome,seleucid_eastern,Persia,sc_rom_eastern
rom_pictones,main_rome,gallic,Pictones,sc_rom_gaul
rom_pontus,main_rome,pontic,Pontus,sc_rom_pontic
rom_pontus_civil_war,main_rome,pontic,Pontic Nobles,sc_rom_pontic
rom_pontus_secession,main_rome,pontic,Pontic Secessionists,sc_rom_pontic
rom_ptolemaics,main_rome,ptolemaic,Egypt,sc_rom_egyptian
rom_ptolemaics_civil_war,main_rome,ptolemaic,Egyptian Nobles,sc_rom_egyptian
rom_ptolemaics_secession,main_rome,ptolemaic,Egyptian Secessionists,sc_rom_egyptian
rom_qidri,main_rome,arabian,Qidri,sc_rom_african_arabian
rom_raeti,main_rome,cisalpine_celts,Raeti,sc_rom_celtic
rom_rebel_african,main_rome,aethiopian,African Rebels,sc_rom_african_arabian
rom_rebel_arabian,main_rome,arabian,Arabian Rebels,sc_rom_african_arabian
rom_rebel_briton,main_rome,briton,British Rebels,sc_rom_british
rom_rebel_celt,main_rome,balkan_celts,Celtic Rebels,sc_rom_celtic
rom_rebel_dacian,main_rome,dacian,Dacian Rebels,sc_rom_celtic
rom_rebel_eastern,main_rome,cappadocia,Eastern Rebels,sc_rom_eastern
rom_rebel_egyptian,main_rome,ptolemaic,Egyptian Rebels,sc_rom_egyptian
rom_rebel_german,main_rome,germanic,German Rebels,sc_rom_germanic
rom_rebel_hellenic,main_rome,pergamon,Hellenic Rebels,sc_rom_greek
rom_rebel_iberian,main_rome,iberian,Iberian Rebels,sc_rom_celtiberian
rom_rebel_illyrian,main_rome,illyrian,Illyrian Rebels,sc_rom_celtic
rom_rebel_latin,main_rome,italian,Latin Rebels,sc_rom_roman
rom_rebel_nomadic,main_rome,scythian,Nomadic Rebels,sc_rom_barb_east
rom_rebel_punic,main_rome,carthaginian,Punic Rebels,sc_rom_carthaginian
rom_rebel_spartan,main_rome,sparta,Spartan Rebels,sc_rom_greek
rom_rebel_thracian,main_rome,thracian,Thracian Rebels,sc_rom_celtic
rom_rhodos,main_rome,greek_minor,Rhodos,sc_rom_greek
rom_rome,main_rome,roman,Rome,sc_rom_roman
rom_rome_civil_war,main_rome,roman_secession,Senate loyalists,sc_rom_roman
rom_rome_secession,main_rome,roman_secession,Senate Secessionists,sc_rom_roman
rom_roxolani,main_rome,sarmatian,Roxolani,sc_rom_barb_east
rom_roxolani_civil_war,main_rome,sarmatian,Roxolani Nobles,sc_rom_barb_east
rom_roxolani_secession,main_rome,sarmatian,Roxolani Secessionists,sc_rom_barb_east
rom_rugii,main_rome,germanic,Rugii,sc_rom_germanic
rom_saba,main_rome,dk_sabaean,Saba,sc_rom_african_arabian
rom_saba_civil_war,main_rome,dk_sabaean,Sabaean Tribal Council,sc_rom_african_arabian
rom_saba_secession,main_rome,dk_sabaean,Sabaean Secessionists,sc_rom_african_arabian
rom_sagartia,main_rome,seleucid_eastern,Sagartia,sc_rom_eastern
rom_sardes,main_rome,seleucid_greek,Sardes,sc_rom_greek
rom_scordisci,main_rome,balkan_celts,Scordisci,sc_rom_celtic
rom_scythia,main_rome,scythian,Royal Scythia,sc_rom_barb_east
rom_scythia_civil_war,main_rome,scythian,Royal Scythian Nobles,sc_rom_barb_east
rom_scythia_secession,main_rome,scythian,Royal Scythian Secessionists,sc_rom_barb_east
rom_seleucid,main_rome,seleucid,Seleucid,sc_rom_greek
rom_seleucid_civil_war,main_rome,seleucid,Seleucid Nobles,sc_rom_greek
rom_seleucid_secession,main_rome,seleucid,Seleucid Secessionists,sc_rom_greek
rom_sequani,main_rome,gallic,Sequani,sc_rom_gaul
rom_siraces,main_rome,sarmatian,Siraces,sc_rom_barb_east
rom_slave,main_rome,roman,Slaves,sc_rom_roman
rom_sparta,main_rome,sparta,Sparta,sc_rom_greek
rom_sparta_civil_war,main_rome,sparta,Spartan Gerousia,sc_rom_greek
rom_sparta_secession,main_rome,sparta,Spartan Secessionists,sc_rom_greek
rom_suebi,main_rome,germanic,Suebi,sc_rom_germanic
rom_suebi_civil_war,main_rome,germanic,Suebi tribal council,sc_rom_germanic
rom_suebi_secession,main_rome,germanic,Suebi Secessionists,sc_rom_germanic
rom_syracuse,main_rome,athens_syracuse,Syracuse,sc_rom_greek
rom_syracuse_civil_war,main_rome,athens_syracuse,Syracusan Nobles,sc_rom_greek
rom_syracuse_secession,main_rome,athens_syracuse,Syracusan Secessionists,sc_rom_greek
rom_thyssagetae,main_rome,saka,Thyssagetae,sc_rom_barb_east
rom_trapezos,main_rome,greek_minor,Trapezos,sc_rom_greek
rom_treverii,main_rome,gallic,Treverii,sc_rom_gaul
rom_triballi,main_rome,balkan_celts,Triballi,sc_rom_celtic
rom_turdetani,main_rome,iberian,Turdetani,sc_rom_celtiberian
rom_tylis,main_rome,tylis,Tylis,sc_rom_celtic
rom_tylis_civil_war,main_rome,tylis,Tylis tribal council,sc_rom_celtic
rom_tylis_secession,main_rome,tylis,Tylis Secessionists,sc_rom_celtic
rom_veneti,main_rome,balkan_celts,Veneti,sc_rom_celtic
rom_vivisci,main_rome,gallic,Vivisci,sc_rom_gaul
rom_volcae,main_rome,gallic,Volcae,sc_rom_gaul
